0,0,0,581
0,0,0,583
0,0,0,585
1,0,0,581
1,0,0,585
2,0,0,581
2,0,0,585
3,0,0,581
3,0,0,585
4,0,0,581
4,0,0,585
5,0,0,581
5,0,0,585
6,0,0,581
6,0,0,585
7,0,0,581
7,0,0,585
8,0,0,581
8,0,0,585
9,0,0,581
9,0,0,585
10,0,0,581
10,0,0,585
11,0,0,581
11,0,0,585
12,0,0,581
12,0,0,585
13,0,0,581
13,0,0,585
14,0,0,581
14,0,0,585
15,0,0,581
15,0,0,582
15,0,0,585
0,0,1,581
0,0,1,583
1,0,1,290
1,0,1,291
2,0,1,290
2,0,1,291
3,0,1,290
3,0,1,291
4,0,1,290
4,0,1,291
5,0,1,290
5,0,1,291
6,0,1,290
6,0,1,291
7,0,1,290
7,0,1,291
8,0,1,290
8,0,1,291
9,0,1,290
9,0,1,291
10,0,1,290
10,0,1,291
11,0,1,290
11,0,1,291
12,0,1,290
12,0,1,291
13,0,1,290
13,0,1,291
14,0,1,290
14,0,1,291
15,0,1,581
15,0,1,582
0,0,2,581
0,0,2,583
1,0,2,290
1,0,2,291
2,0,2,290
2,0,2,291
3,0,2,290
3,0,2,291
4,0,2,290
4,0,2,291
5,0,2,290
5,0,2,291
6,0,2,290
6,0,2,291
7,0,2,290
7,0,2,291
8,0,2,290
8,0,2,291
9,0,2,290
9,0,2,291
10,0,2,290
10,0,2,291
11,0,2,290
11,0,2,291
12,0,2,290
12,0,2,291
13,0,2,290
13,0,2,291
14,0,2,290
14,0,2,291
15,0,2,581
15,0,2,582
0,0,3,581
0,0,3,583
1,0,3,290
1,0,3,291
2,0,3,290
2,0,3,291
3,0,3,291
4,0,3,291
5,0,3,290
5,0,3,291
6,0,3,290
6,0,3,291
7,0,3,290
7,0,3,291
8,0,3,290
8,0,3,291
9,0,3,290
9,0,3,291
10,0,3,290
10,0,3,291
11,0,3,291
12,0,3,290
12,0,3,291
13,0,3,290
13,0,3,291
14,0,3,290
14,0,3,291
15,0,3,581
15,0,3,582
0,0,4,581
0,0,4,583
1,0,4,290
1,0,4,291
2,0,4,290
2,0,4,291
3,0,4,291
4,0,4,291
5,0,4,290
5,0,4,291
6,0,4,290
6,0,4,291
7,0,4,290
7,0,4,291
8,0,4,290
8,0,4,291
9,0,4,290
9,0,4,291
10,0,4,290
10,0,4,291
11,0,4,290
11,0,4,291
12,0,4,290
12,0,4,291
13,0,4,290
13,0,4,291
14,0,4,290
14,0,4,291
15,0,4,581
15,0,4,582
0,0,5,581
0,0,5,583
1,0,5,290
1,0,5,291
2,0,5,290
2,0,5,291
3,0,5,290
3,0,5,291
4,0,5,290
4,0,5,291
5,0,5,290
5,0,5,291
6,0,5,290
6,0,5,291
7,0,5,290
7,0,5,291
8,0,5,290
8,0,5,291
9,0,5,290
9,0,5,291
10,0,5,290
10,0,5,291
11,0,5,290
11,0,5,291
12,0,5,290
12,0,5,291
13,0,5,290
13,0,5,291
14,0,5,290
14,0,5,291
15,0,5,581
15,0,5,582
0,0,6,581
0,0,6,583
1,0,6,290
1,0,6,291
2,0,6,290
2,0,6,291
3,0,6,290
3,0,6,291
4,0,6,290
4,0,6,291
5,0,6,290
5,0,6,291
6,0,6,290
6,0,6,291
7,0,6,290
7,0,6,291
8,0,6,290
8,0,6,291
9,0,6,290
9,0,6,291
10,0,6,290
10,0,6,291
11,0,6,290
11,0,6,291
12,0,6,290
12,0,6,291
13,0,6,290
13,0,6,291
14,0,6,290
14,0,6,291
15,0,6,581
15,0,6,582
0,0,7,581
0,0,7,583
1,0,7,290
1,0,7,291
2,0,7,290
2,0,7,291
3,0,7,290
3,0,7,291
4,0,7,290
4,0,7,291
5,0,7,290
5,0,7,291
6,0,7,290
6,0,7,291
7,0,7,290
7,0,7,291
8,0,7,290
8,0,7,291
9,0,7,290
9,0,7,291
10,0,7,290
10,0,7,291
11,0,7,290
11,0,7,291
12,0,7,290
12,0,7,291
13,0,7,290
13,0,7,291
14,0,7,290
14,0,7,291
15,0,7,581
15,0,7,582
0,0,8,581
0,0,8,583
1,0,8,290
1,0,8,291
2,0,8,291
3,0,8,291
4,0,8,290
4,0,8,291
5,0,8,290
5,0,8,291
6,0,8,290
6,0,8,291
7,0,8,290
7,0,8,291
8,0,8,290
8,0,8,291
9,0,8,290
9,0,8,291
10,0,8,290
10,0,8,291
11,0,8,291
12,0,8,290
12,0,8,291
13,0,8,290
13,0,8,291
14,0,8,290
14,0,8,291
15,0,8,581
15,0,8,582
0,0,9,581
0,0,9,583
1,0,9,290
1,0,9,291
2,0,9,291
3,0,9,291
4,0,9,290
4,0,9,291
5,0,9,290
5,0,9,291
6,0,9,290
6,0,9,291
7,0,9,290
7,0,9,291
8,0,9,290
8,0,9,291
9,0,9,290
9,0,9,291
10,0,9,290
10,0,9,291
11,0,9,291
12,0,9,290
12,0,9,291
13,0,9,290
13,0,9,291
14,0,9,290
14,0,9,291
15,0,9,581
15,0,9,582
0,0,10,581
0,0,10,583
1,0,10,290
1,0,10,291
2,0,10,290
2,0,10,291
3,0,10,290
3,0,10,291
4,0,10,290
4,0,10,291
5,0,10,290
5,0,10,291
6,0,10,290
6,0,10,291
7,0,10,290
7,0,10,291
8,0,10,290
8,0,10,291
9,0,10,290
9,0,10,291
10,0,10,290
10,0,10,291
11,0,10,290
11,0,10,291
12,0,10,290
12,0,10,291
13,0,10,290
13,0,10,291
14,0,10,290
14,0,10,291
15,0,10,581
15,0,10,582
0,0,11,581
0,0,11,583
1,0,11,290
1,0,11,291
2,0,11,290
2,0,11,291
3,0,11,290
3,0,11,291
4,0,11,290
4,0,11,291
5,0,11,290
5,0,11,291
6,0,11,290
6,0,11,291
7,0,11,290
7,0,11,291
8,0,11,290
8,0,11,291
9,0,11,290
9,0,11,291
10,0,11,290
10,0,11,291
11,0,11,290
11,0,11,291
12,0,11,290
12,0,11,291
13,0,11,290
13,0,11,291
14,0,11,290
14,0,11,291
15,0,11,581
15,0,11,582
0,0,12,581
0,0,12,583
1,0,12,290
1,0,12,291
2,0,12,290
2,0,12,291
3,0,12,290
3,0,12,291
4,0,12,290
4,0,12,291
5,0,12,290
5,0,12,291
6,0,12,290
6,0,12,291
7,0,12,290
7,0,12,291
8,0,12,290
8,0,12,291
9,0,12,290
9,0,12,291
10,0,12,290
10,0,12,291
11,0,12,290
11,0,12,291
12,0,12,290
12,0,12,291
13,0,12,290
13,0,12,291
14,0,12,290
14,0,12,291
15,0,12,581
15,0,12,582
0,0,13,581
0,0,13,583
1,0,13,290
1,0,13,291
2,0,13,290
2,0,13,291
3,0,13,290
3,0,13,291
4,0,13,290
4,0,13,291
5,0,13,290
5,0,13,291
6,0,13,290
6,0,13,291
7,0,13,290
7,0,13,291
8,0,13,290
8,0,13,291
9,0,13,290
9,0,13,291
10,0,13,290
10,0,13,291
11,0,13,290
11,0,13,291
12,0,13,290
12,0,13,291
13,0,13,290
13,0,13,291
14,0,13,290
14,0,13,291
15,0,13,581
15,0,13,582
0,0,14,581
0,0,14,583
1,0,14,290
1,0,14,291
2,0,14,290
2,0,14,291
3,0,14,290
3,0,14,291
4,0,14,290
4,0,14,291
5,0,14,291
6,0,14,290
6,0,14,291
7,0,14,290
7,0,14,291
8,0,14,290
8,0,14,291
9,0,14,291
10,0,14,290
10,0,14,291
11,0,14,290
11,0,14,291
12,0,14,290
12,0,14,291
13,0,14,290
13,0,14,291
14,0,14,290
14,0,14,291
15,0,14,581
15,0,14,582
0,0,15,581
0,0,15,583
0,0,15,584
1,0,15,581
1,0,15,584
2,0,15,581
2,0,15,584
3,0,15,581
3,0,15,584
4,0,15,581
4,0,15,584
5,0,15,581
5,0,15,584
6,0,15,581
6,0,15,584
7,0,15,581
7,0,15,584
8,0,15,581
8,0,15,584
9,0,15,581
9,0,15,584
10,0,15,581
10,0,15,584
11,0,15,581
11,0,15,584
12,0,15,581
12,0,15,584
13,0,15,581
13,0,15,584
14,0,15,581
14,0,15,584
15,0,15,581
15,0,15,582
15,0,15,584
0,1,0,583
0,1,0,585
1,1,0,494
1,1,0,495
2,1,0,494
2,1,0,495
3,1,0,494
3,1,0,495
4,1,0,494
4,1,0,495
5,1,0,494
5,1,0,495
6,1,0,494
6,1,0,495
7,1,0,494
7,1,0,495
8,1,0,494
8,1,0,495
9,1,0,494
9,1,0,495
10,1,0,494
10,1,0,495
11,1,0,494
11,1,0,495
12,1,0,494
12,1,0,495
13,1,0,494
13,1,0,495
14,1,0,494
14,1,0,495
15,1,0,582
15,1,0,585
0,1,1,262
0,1,1,263
15,1,1,502
15,1,1,503
0,1,2,262
0,1,2,263
15,1,2,502
15,1,2,503
0,1,3,262
0,1,3,263
3,1,3,500
3,1,3,503
3,1,3,505
4,1,3,500
4,1,3,502
4,1,3,505
11,1,3,500
11,1,3,502
11,1,3,503
11,1,3,504
11,1,3,505
15,1,3,502
15,1,3,503
0,1,4,262
0,1,4,263
3,1,4,500
3,1,4,503
3,1,4,504
4,1,4,500
4,1,4,502
4,1,4,504
15,1,4,502
15,1,4,503
0,1,5,262
0,1,5,263
15,1,5,502
15,1,5,503
0,1,6,262
0,1,6,263
15,1,6,502
15,1,6,503
0,1,7,262
0,1,7,263
15,1,7,502
15,1,7,503
0,1,8,262
0,1,8,263
2,1,8,500
2,1,8,503
2,1,8,505
3,1,8,500
3,1,8,502
3,1,8,505
11,1,8,500
11,1,8,502
11,1,8,503
11,1,8,505
15,1,8,502
15,1,8,503
0,1,9,262
0,1,9,263
2,1,9,500
2,1,9,503
2,1,9,504
3,1,9,500
3,1,9,502
3,1,9,504
11,1,9,500
11,1,9,502
11,1,9,503
11,1,9,504
15,1,9,502
15,1,9,503
0,1,10,262
0,1,10,263
15,1,10,502
15,1,10,503
0,1,11,262
0,1,11,263
15,1,11,502
15,1,11,503
0,1,12,262
0,1,12,263
15,1,12,502
15,1,12,503
0,1,13,262
0,1,13,263
15,1,13,502
15,1,13,503
0,1,14,262
0,1,14,263
5,1,14,602
5,1,14,603
5,1,14,605
9,1,14,602
9,1,14,603
9,1,14,605
15,1,14,502
15,1,14,503
0,1,15,583
0,1,15,584
1,1,15,504
1,1,15,505
2,1,15,504
2,1,15,505
3,1,15,504
3,1,15,505
4,1,15,504
4,1,15,505
5,1,15,504
6,1,15,504
6,1,15,505
7,1,15,504
7,1,15,505
8,1,15,504
8,1,15,505
9,1,15,504
10,1,15,504
10,1,15,505
11,1,15,504
11,1,15,505
12,1,15,504
12,1,15,505
13,1,15,504
13,1,15,505
14,1,15,504
14,1,15,505
15,1,15,582
15,1,15,584
0,2,0,583
0,2,0,585
1,2,0,494
1,2,0,495
2,2,0,494
2,2,0,495
3,2,0,494
3,2,0,495
4,2,0,494
4,2,0,495
5,2,0,494
5,2,0,495
6,2,0,494
6,2,0,495
7,2,0,494
7,2,0,495
8,2,0,494
8,2,0,495
9,2,0,494
9,2,0,495
10,2,0,494
10,2,0,495
11,2,0,494
11,2,0,495
12,2,0,494
12,2,0,495
13,2,0,494
13,2,0,495
14,2,0,494
14,2,0,495
15,2,0,582
15,2,0,585
0,2,1,262
0,2,1,263
15,2,1,502
15,2,1,503
0,2,2,262
0,2,2,263
15,2,2,502
15,2,2,503
0,2,3,262
0,2,3,263
15,2,3,502
15,2,3,503
0,2,4,262
0,2,4,263
15,2,4,502
15,2,4,503
0,2,5,262
0,2,5,263
15,2,5,502
15,2,5,503
0,2,6,262
0,2,6,263
15,2,6,502
15,2,6,503
0,2,7,262
0,2,7,263
15,2,7,502
15,2,7,503
0,2,8,262
0,2,8,263
15,2,8,502
15,2,8,503
0,2,9,262
0,2,9,263
15,2,9,502
15,2,9,503
0,2,10,262
0,2,10,263
15,2,10,502
15,2,10,503
0,2,11,262
0,2,11,263
15,2,11,502
15,2,11,503
0,2,12,262
0,2,12,263
15,2,12,502
15,2,12,503
0,2,13,262
0,2,13,263
15,2,13,502
15,2,13,503
0,2,14,262
0,2,14,263
5,2,14,602
5,2,14,603
5,2,14,605
9,2,14,602
9,2,14,603
9,2,14,605
15,2,14,502
15,2,14,503
0,2,15,583
0,2,15,584
1,2,15,504
1,2,15,505
2,2,15,504
2,2,15,505
3,2,15,504
3,2,15,505
4,2,15,504
4,2,15,505
5,2,15,504
6,2,15,504
6,2,15,505
7,2,15,504
7,2,15,505
8,2,15,504
8,2,15,505
9,2,15,504
10,2,15,504
10,2,15,505
11,2,15,504
11,2,15,505
12,2,15,504
12,2,15,505
13,2,15,504
13,2,15,505
14,2,15,504
14,2,15,505
15,2,15,582
15,2,15,584
0,3,0,583
0,3,0,585
1,3,0,494
1,3,0,495
2,3,0,494
2,3,0,495
3,3,0,494
3,3,0,495
4,3,0,494
4,3,0,495
5,3,0,494
5,3,0,495
6,3,0,494
6,3,0,495
7,3,0,494
7,3,0,495
8,3,0,494
8,3,0,495
9,3,0,494
9,3,0,495
10,3,0,494
10,3,0,495
11,3,0,494
11,3,0,495
12,3,0,494
12,3,0,495
13,3,0,494
13,3,0,495
14,3,0,494
14,3,0,495
15,3,0,582
15,3,0,585
0,3,1,262
0,3,1,263
15,3,1,502
15,3,1,503
0,3,2,262
0,3,2,263
15,3,2,502
15,3,2,503
0,3,3,262
0,3,3,263
15,3,3,502
15,3,3,503
0,3,4,262
0,3,4,263
15,3,4,502
15,3,4,503
0,3,5,262
0,3,5,263
15,3,5,502
15,3,5,503
0,3,6,262
0,3,6,263
15,3,6,502
15,3,6,503
0,3,7,262
0,3,7,263
15,3,7,502
15,3,7,503
0,3,8,262
0,3,8,263
15,3,8,502
15,3,8,503
0,3,9,262
0,3,9,263
15,3,9,502
15,3,9,503
0,3,10,262
0,3,10,263
15,3,10,502
15,3,10,503
0,3,11,262
0,3,11,263
15,3,11,502
15,3,11,503
0,3,12,262
0,3,12,263
15,3,12,502
15,3,12,503
0,3,13,262
0,3,13,263
15,3,13,502
15,3,13,503
0,3,14,262
0,3,14,263
5,3,14,602
5,3,14,603
5,3,14,605
9,3,14,602
9,3,14,603
9,3,14,605
15,3,14,502
15,3,14,503
0,3,15,583
0,3,15,584
1,3,15,504
1,3,15,505
2,3,15,504
2,3,15,505
3,3,15,504
3,3,15,505
4,3,15,504
4,3,15,505
5,3,15,504
6,3,15,504
6,3,15,505
7,3,15,504
7,3,15,505
8,3,15,504
8,3,15,505
9,3,15,504
10,3,15,504
10,3,15,505
11,3,15,504
11,3,15,505
12,3,15,504
12,3,15,505
13,3,15,504
13,3,15,505
14,3,15,504
14,3,15,505
15,3,15,582
15,3,15,584
0,4,0,583
0,4,0,585
1,4,0,494
1,4,0,495
2,4,0,494
2,4,0,495
3,4,0,494
3,4,0,495
4,4,0,494
4,4,0,495
5,4,0,494
5,4,0,495
6,4,0,494
6,4,0,495
7,4,0,494
7,4,0,495
8,4,0,494
8,4,0,495
9,4,0,494
9,4,0,495
10,4,0,494
10,4,0,495
11,4,0,494
11,4,0,495
12,4,0,494
12,4,0,495
13,4,0,494
13,4,0,495
14,4,0,494
14,4,0,495
15,4,0,582
15,4,0,585
0,4,1,262
0,4,1,263
15,4,1,502
15,4,1,503
0,4,2,262
0,4,2,263
15,4,2,502
15,4,2,503
0,4,3,262
0,4,3,263
15,4,3,502
15,4,3,503
0,4,4,262
0,4,4,263
15,4,4,502
15,4,4,503
0,4,5,262
0,4,5,263
15,4,5,502
15,4,5,503
0,4,6,262
0,4,6,263
15,4,6,502
15,4,6,503
0,4,7,262
0,4,7,263
15,4,7,502
15,4,7,503
0,4,8,262
0,4,8,263
15,4,8,502
15,4,8,503
0,4,9,262
0,4,9,263
15,4,9,502
15,4,9,503
0,4,10,262
0,4,10,263
15,4,10,502
15,4,10,503
0,4,11,262
0,4,11,263
15,4,11,502
15,4,11,503
0,4,12,262
0,4,12,263
15,4,12,502
15,4,12,503
0,4,13,262
0,4,13,263
15,4,13,502
15,4,13,503
0,4,14,262
0,4,14,263
5,4,14,602
5,4,14,603
5,4,14,605
9,4,14,602
9,4,14,603
9,4,14,605
15,4,14,502
15,4,14,503
0,4,15,583
0,4,15,584
1,4,15,504
1,4,15,505
2,4,15,504
2,4,15,505
3,4,15,504
3,4,15,505
4,4,15,504
4,4,15,505
5,4,15,504
6,4,15,504
6,4,15,505
7,4,15,504
7,4,15,505
8,4,15,504
8,4,15,505
9,4,15,504
10,4,15,504
10,4,15,505
11,4,15,504
11,4,15,505
12,4,15,504
12,4,15,505
13,4,15,504
13,4,15,505
14,4,15,504
14,4,15,505
15,4,15,582
15,4,15,584
0,5,0,583
0,5,0,585
1,5,0,494
1,5,0,495
2,5,0,494
2,5,0,495
3,5,0,494
3,5,0,495
4,5,0,494
4,5,0,495
5,5,0,494
5,5,0,495
6,5,0,494
6,5,0,495
7,5,0,494
7,5,0,495
8,5,0,494
8,5,0,495
9,5,0,494
9,5,0,495
10,5,0,494
10,5,0,495
11,5,0,494
11,5,0,495
12,5,0,494
12,5,0,495
13,5,0,494
13,5,0,495
14,5,0,494
14,5,0,495
15,5,0,582
15,5,0,585
0,5,1,262
0,5,1,263
15,5,1,502
15,5,1,503
0,5,2,262
0,5,2,263
15,5,2,502
15,5,2,503
0,5,3,262
0,5,3,263
15,5,3,502
15,5,3,503
0,5,4,262
0,5,4,263
15,5,4,502
15,5,4,503
0,5,5,262
0,5,5,263
15,5,5,502
15,5,5,503
0,5,6,262
0,5,6,263
15,5,6,502
15,5,6,503
0,5,7,262
0,5,7,263
15,5,7,502
15,5,7,503
0,5,8,262
0,5,8,263
15,5,8,502
15,5,8,503
0,5,9,262
0,5,9,263
15,5,9,502
15,5,9,503
0,5,10,262
0,5,10,263
15,5,10,502
15,5,10,503
0,5,11,262
0,5,11,263
15,5,11,502
15,5,11,503
0,5,12,262
0,5,12,263
15,5,12,502
15,5,12,503
0,5,13,262
0,5,13,263
15,5,13,502
15,5,13,503
0,5,14,262
0,5,14,263
5,5,14,602
5,5,14,603
5,5,14,605
9,5,14,602
9,5,14,603
9,5,14,605
15,5,14,502
15,5,14,503
0,5,15,583
0,5,15,584
1,5,15,504
1,5,15,505
2,5,15,504
2,5,15,505
3,5,15,504
3,5,15,505
4,5,15,504
4,5,15,505
5,5,15,504
6,5,15,504
6,5,15,505
7,5,15,504
7,5,15,505
8,5,15,504
8,5,15,505
9,5,15,504
10,5,15,504
10,5,15,505
11,5,15,504
11,5,15,505
12,5,15,504
12,5,15,505
13,5,15,504
13,5,15,505
14,5,15,504
14,5,15,505
15,5,15,582
15,5,15,584
0,6,0,583
0,6,0,585
1,6,0,494
1,6,0,495
2,6,0,494
2,6,0,495
3,6,0,494
3,6,0,495
4,6,0,494
4,6,0,495
5,6,0,494
5,6,0,495
6,6,0,494
6,6,0,495
7,6,0,494
7,6,0,495
8,6,0,494
8,6,0,495
9,6,0,494
9,6,0,495
10,6,0,494
10,6,0,495
11,6,0,494
11,6,0,495
12,6,0,494
12,6,0,495
13,6,0,494
13,6,0,495
14,6,0,494
14,6,0,495
15,6,0,582
15,6,0,585
0,6,1,262
0,6,1,263
15,6,1,502
15,6,1,503
0,6,2,262
0,6,2,263
15,6,2,502
15,6,2,503
0,6,3,262
0,6,3,263
15,6,3,502
15,6,3,503
0,6,4,262
0,6,4,263
15,6,4,502
15,6,4,503
0,6,5,262
0,6,5,263
15,6,5,502
15,6,5,503
0,6,6,262
0,6,6,263
15,6,6,502
15,6,6,503
0,6,7,262
0,6,7,263
15,6,7,502
15,6,7,503
0,6,8,262
0,6,8,263
15,6,8,502
15,6,8,503
0,6,9,262
0,6,9,263
15,6,9,502
15,6,9,503
0,6,10,262
0,6,10,263
15,6,10,502
15,6,10,503
0,6,11,262
0,6,11,263
15,6,11,502
15,6,11,503
0,6,12,262
0,6,12,263
15,6,12,502
15,6,12,503
0,6,13,262
0,6,13,263
15,6,13,502
15,6,13,503
0,6,14,262
0,6,14,263
5,6,14,600
5,6,14,603
5,6,14,605
6,6,14,600
6,6,14,601
6,6,14,605
7,6,14,600
7,6,14,601
7,6,14,605
8,6,14,600
8,6,14,601
8,6,14,605
9,6,14,600
9,6,14,602
9,6,14,605
15,6,14,502
15,6,14,503
0,6,15,583
0,6,15,584
1,6,15,504
1,6,15,505
2,6,15,504
2,6,15,505
3,6,15,504
3,6,15,505
4,6,15,504
4,6,15,505
5,6,15,504
6,6,15,504
7,6,15,504
8,6,15,504
9,6,15,504
10,6,15,504
10,6,15,505
11,6,15,504
11,6,15,505
12,6,15,504
12,6,15,505
13,6,15,504
13,6,15,505
14,6,15,504
14,6,15,505
15,6,15,582
15,6,15,584
0,7,0,583
0,7,0,585
1,7,0,494
1,7,0,495
2,7,0,494
2,7,0,495
3,7,0,494
3,7,0,495
4,7,0,494
4,7,0,495
5,7,0,494
5,7,0,495
6,7,0,494
6,7,0,495
7,7,0,494
7,7,0,495
8,7,0,494
8,7,0,495
9,7,0,494
9,7,0,495
10,7,0,494
10,7,0,495
11,7,0,494
11,7,0,495
12,7,0,494
12,7,0,495
13,7,0,494
13,7,0,495
14,7,0,494
14,7,0,495
15,7,0,582
15,7,0,585
0,7,1,262
0,7,1,263
15,7,1,502
15,7,1,503
0,7,2,262
0,7,2,263
15,7,2,502
15,7,2,503
0,7,3,262
0,7,3,263
15,7,3,502
15,7,3,503
0,7,4,262
0,7,4,263
15,7,4,502
15,7,4,503
0,7,5,262
0,7,5,263
15,7,5,502
15,7,5,503
0,7,6,262
0,7,6,263
15,7,6,502
15,7,6,503
0,7,7,262
0,7,7,263
15,7,7,502
15,7,7,503
0,7,8,262
0,7,8,263
15,7,8,502
15,7,8,503
0,7,9,262
0,7,9,263
15,7,9,502
15,7,9,503
0,7,10,262
0,7,10,263
15,7,10,502
15,7,10,503
0,7,11,262
0,7,11,263
15,7,11,502
15,7,11,503
0,7,12,262
0,7,12,263
15,7,12,502
15,7,12,503
0,7,13,262
0,7,13,263
15,7,13,502
15,7,13,503
0,7,14,262
0,7,14,263
15,7,14,502
15,7,14,503
0,7,15,583
0,7,15,584
1,7,15,504
1,7,15,505
2,7,15,504
2,7,15,505
3,7,15,504
3,7,15,505
4,7,15,504
4,7,15,505
5,7,15,504
5,7,15,505
6,7,15,504
6,7,15,505
7,7,15,504
7,7,15,505
8,7,15,504
8,7,15,505
9,7,15,504
9,7,15,505
10,7,15,504
10,7,15,505
11,7,15,504
11,7,15,505
12,7,15,504
12,7,15,505
13,7,15,504
13,7,15,505
14,7,15,504
14,7,15,505
15,7,15,582
15,7,15,584
0,8,0,583
0,8,0,585
1,8,0,494
1,8,0,495
2,8,0,494
2,8,0,495
3,8,0,494
3,8,0,495
4,8,0,494
4,8,0,495
5,8,0,494
5,8,0,495
6,8,0,494
6,8,0,495
7,8,0,494
7,8,0,495
8,8,0,494
8,8,0,495
9,8,0,494
9,8,0,495
10,8,0,494
10,8,0,495
11,8,0,494
11,8,0,495
12,8,0,494
12,8,0,495
13,8,0,494
13,8,0,495
14,8,0,494
14,8,0,495
15,8,0,582
15,8,0,585
0,8,1,262
0,8,1,263
15,8,1,502
15,8,1,503
0,8,2,262
0,8,2,263
15,8,2,502
15,8,2,503
0,8,3,262
0,8,3,263
15,8,3,502
15,8,3,503
0,8,4,262
0,8,4,263
15,8,4,502
15,8,4,503
0,8,5,262
0,8,5,263
15,8,5,502
15,8,5,503
0,8,6,262
0,8,6,263
15,8,6,502
15,8,6,503
0,8,7,262
0,8,7,263
15,8,7,502
15,8,7,503
0,8,8,262
0,8,8,263
15,8,8,502
15,8,8,503
0,8,9,262
0,8,9,263
15,8,9,502
15,8,9,503
0,8,10,262
0,8,10,263
15,8,10,502
15,8,10,503
0,8,11,262
0,8,11,263
15,8,11,502
15,8,11,503
0,8,12,262
0,8,12,263
15,8,12,502
15,8,12,503
0,8,13,262
0,8,13,263
15,8,13,502
15,8,13,503
0,8,14,262
0,8,14,263
15,8,14,502
15,8,14,503
0,8,15,583
0,8,15,584
1,8,15,504
1,8,15,505
2,8,15,504
2,8,15,505
3,8,15,504
3,8,15,505
4,8,15,504
4,8,15,505
5,8,15,504
5,8,15,505
6,8,15,504
6,8,15,505
7,8,15,504
7,8,15,505
8,8,15,504
8,8,15,505
9,8,15,504
9,8,15,505
10,8,15,504
10,8,15,505
11,8,15,504
11,8,15,505
12,8,15,504
12,8,15,505
13,8,15,504
13,8,15,505
14,8,15,504
14,8,15,505
15,8,15,582
15,8,15,584
0,9,0,583
0,9,0,585
1,9,0,494
1,9,0,495
2,9,0,494
2,9,0,495
3,9,0,494
3,9,0,495
4,9,0,494
4,9,0,495
5,9,0,494
5,9,0,495
6,9,0,494
6,9,0,495
7,9,0,494
7,9,0,495
8,9,0,494
8,9,0,495
9,9,0,494
9,9,0,495
10,9,0,494
10,9,0,495
11,9,0,494
11,9,0,495
12,9,0,494
12,9,0,495
13,9,0,494
13,9,0,495
14,9,0,494
14,9,0,495
15,9,0,582
15,9,0,585
0,9,1,262
0,9,1,263
15,9,1,502
15,9,1,503
0,9,2,262
0,9,2,263
15,9,2,502
15,9,2,503
0,9,3,262
0,9,3,263
15,9,3,502
15,9,3,503
0,9,4,262
0,9,4,263
15,9,4,502
15,9,4,503
0,9,5,262
0,9,5,263
15,9,5,502
15,9,5,503
0,9,6,262
0,9,6,263
15,9,6,502
15,9,6,503
0,9,7,262
0,9,7,263
15,9,7,502
15,9,7,503
0,9,8,262
0,9,8,263
15,9,8,502
15,9,8,503
0,9,9,262
0,9,9,263
15,9,9,502
15,9,9,503
0,9,10,262
0,9,10,263
15,9,10,502
15,9,10,503
0,9,11,262
0,9,11,263
15,9,11,502
15,9,11,503
0,9,12,262
0,9,12,263
15,9,12,502
15,9,12,503
0,9,13,262
0,9,13,263
15,9,13,502
15,9,13,503
0,9,14,262
0,9,14,263
15,9,14,502
15,9,14,503
0,9,15,583
0,9,15,584
1,9,15,504
1,9,15,505
2,9,15,504
2,9,15,505
3,9,15,504
3,9,15,505
4,9,15,504
4,9,15,505
5,9,15,504
5,9,15,505
6,9,15,504
6,9,15,505
7,9,15,504
7,9,15,505
8,9,15,504
8,9,15,505
9,9,15,504
9,9,15,505
10,9,15,504
10,9,15,505
11,9,15,504
11,9,15,505
12,9,15,504
12,9,15,505
13,9,15,504
13,9,15,505
14,9,15,504
14,9,15,505
15,9,15,582
15,9,15,584
0,10,0,583
0,10,0,585
1,10,0,494
1,10,0,495
2,10,0,494
2,10,0,495
3,10,0,494
3,10,0,495
4,10,0,494
4,10,0,495
5,10,0,494
5,10,0,495
6,10,0,494
6,10,0,495
7,10,0,494
7,10,0,495
8,10,0,494
8,10,0,495
9,10,0,494
9,10,0,495
10,10,0,494
10,10,0,495
11,10,0,494
11,10,0,495
12,10,0,494
12,10,0,495
13,10,0,494
13,10,0,495
14,10,0,494
14,10,0,495
15,10,0,582
15,10,0,585
0,10,1,262
0,10,1,263
15,10,1,502
15,10,1,503
0,10,2,262
0,10,2,263
15,10,2,502
15,10,2,503
0,10,3,262
0,10,3,263
15,10,3,502
15,10,3,503
0,10,4,262
0,10,4,263
15,10,4,502
15,10,4,503
0,10,5,262
0,10,5,263
15,10,5,502
15,10,5,503
0,10,6,262
0,10,6,263
15,10,6,502
15,10,6,503
0,10,7,262
0,10,7,263
15,10,7,502
15,10,7,503
0,10,8,262
0,10,8,263
15,10,8,502
15,10,8,503
0,10,9,262
0,10,9,263
15,10,9,502
15,10,9,503
0,10,10,262
0,10,10,263
15,10,10,502
15,10,10,503
0,10,11,262
0,10,11,263
15,10,11,502
15,10,11,503
0,10,12,262
0,10,12,263
15,10,12,502
15,10,12,503
0,10,13,262
0,10,13,263
15,10,13,502
15,10,13,503
0,10,14,262
0,10,14,263
15,10,14,502
15,10,14,503
0,10,15,583
0,10,15,584
1,10,15,504
1,10,15,505
2,10,15,504
2,10,15,505
3,10,15,504
3,10,15,505
4,10,15,504
4,10,15,505
5,10,15,504
5,10,15,505
6,10,15,504
6,10,15,505
7,10,15,504
7,10,15,505
8,10,15,504
8,10,15,505
9,10,15,504
9,10,15,505
10,10,15,504
10,10,15,505
11,10,15,504
11,10,15,505
12,10,15,504
12,10,15,505
13,10,15,504
13,10,15,505
14,10,15,504
14,10,15,505
15,10,15,582
15,10,15,584
0,11,0,583
0,11,0,585
1,11,0,494
1,11,0,495
2,11,0,494
2,11,0,495
3,11,0,494
3,11,0,495
4,11,0,494
4,11,0,495
5,11,0,494
5,11,0,495
6,11,0,494
6,11,0,495
7,11,0,494
7,11,0,495
8,11,0,494
8,11,0,495
9,11,0,494
9,11,0,495
10,11,0,494
10,11,0,495
11,11,0,494
11,11,0,495
12,11,0,494
12,11,0,495
13,11,0,494
13,11,0,495
14,11,0,494
14,11,0,495
15,11,0,582
15,11,0,585
0,11,1,262
0,11,1,263
15,11,1,502
15,11,1,503
0,11,2,262
0,11,2,263
15,11,2,502
15,11,2,503
0,11,3,262
0,11,3,263
15,11,3,502
15,11,3,503
0,11,4,262
0,11,4,263
15,11,4,502
15,11,4,503
0,11,5,262
0,11,5,263
15,11,5,502
15,11,5,503
0,11,6,262
0,11,6,263
15,11,6,502
15,11,6,503
0,11,7,262
0,11,7,263
15,11,7,502
15,11,7,503
0,11,8,262
0,11,8,263
15,11,8,502
15,11,8,503
0,11,9,262
0,11,9,263
15,11,9,502
15,11,9,503
0,11,10,262
0,11,10,263
15,11,10,502
15,11,10,503
0,11,11,262
0,11,11,263
15,11,11,502
15,11,11,503
0,11,12,262
0,11,12,263
15,11,12,502
15,11,12,503
0,11,13,262
0,11,13,263
15,11,13,502
15,11,13,503
0,11,14,262
0,11,14,263
15,11,14,502
15,11,14,503
0,11,15,583
0,11,15,584
1,11,15,504
1,11,15,505
2,11,15,504
2,11,15,505
3,11,15,504
3,11,15,505
4,11,15,504
4,11,15,505
5,11,15,504
5,11,15,505
6,11,15,504
6,11,15,505
7,11,15,504
7,11,15,505
8,11,15,504
8,11,15,505
9,11,15,504
9,11,15,505
10,11,15,504
10,11,15,505
11,11,15,504
11,11,15,505
12,11,15,504
12,11,15,505
13,11,15,504
13,11,15,505
14,11,15,504
14,11,15,505
15,11,15,582
15,11,15,584
0,12,0,583
0,12,0,585
1,12,0,494
1,12,0,495
2,12,0,494
2,12,0,495
3,12,0,494
3,12,0,495
4,12,0,494
4,12,0,495
5,12,0,494
5,12,0,495
6,12,0,494
6,12,0,495
7,12,0,494
7,12,0,495
8,12,0,494
8,12,0,495
9,12,0,494
9,12,0,495
10,12,0,494
10,12,0,495
11,12,0,494
11,12,0,495
12,12,0,494
12,12,0,495
13,12,0,494
13,12,0,495
14,12,0,494
14,12,0,495
15,12,0,582
15,12,0,585
0,12,1,262
0,12,1,263
15,12,1,502
15,12,1,503
0,12,2,262
0,12,2,263
15,12,2,502
15,12,2,503
0,12,3,262
0,12,3,263
15,12,3,502
15,12,3,503
0,12,4,262
0,12,4,263
15,12,4,502
15,12,4,503
0,12,5,262
0,12,5,263
15,12,5,502
15,12,5,503
0,12,6,262
0,12,6,263
15,12,6,502
15,12,6,503
0,12,7,262
0,12,7,263
15,12,7,502
15,12,7,503
0,12,8,262
0,12,8,263
15,12,8,502
15,12,8,503
0,12,9,262
0,12,9,263
15,12,9,502
15,12,9,503
0,12,10,262
0,12,10,263
15,12,10,502
15,12,10,503
0,12,11,262
0,12,11,263
15,12,11,502
15,12,11,503
0,12,12,262
0,12,12,263
15,12,12,502
15,12,12,503
0,12,13,262
0,12,13,263
15,12,13,502
15,12,13,503
0,12,14,262
0,12,14,263
15,12,14,502
15,12,14,503
0,12,15,583
0,12,15,584
1,12,15,504
1,12,15,505
2,12,15,504
2,12,15,505
3,12,15,504
3,12,15,505
4,12,15,504
4,12,15,505
5,12,15,504
5,12,15,505
6,12,15,504
6,12,15,505
7,12,15,504
7,12,15,505
8,12,15,504
8,12,15,505
9,12,15,504
9,12,15,505
10,12,15,504
10,12,15,505
11,12,15,504
11,12,15,505
12,12,15,504
12,12,15,505
13,12,15,504
13,12,15,505
14,12,15,504
14,12,15,505
15,12,15,582
15,12,15,584
0,13,0,583
0,13,0,585
1,13,0,494
1,13,0,495
2,13,0,494
2,13,0,495
3,13,0,494
3,13,0,495
4,13,0,494
4,13,0,495
5,13,0,494
5,13,0,495
6,13,0,494
6,13,0,495
7,13,0,494
7,13,0,495
8,13,0,494
8,13,0,495
9,13,0,494
9,13,0,495
10,13,0,494
10,13,0,495
11,13,0,494
11,13,0,495
12,13,0,494
12,13,0,495
13,13,0,494
13,13,0,495
14,13,0,494
14,13,0,495
15,13,0,582
15,13,0,585
0,13,1,262
0,13,1,263
15,13,1,502
15,13,1,503
0,13,2,262
0,13,2,263
15,13,2,502
15,13,2,503
0,13,3,262
0,13,3,263
15,13,3,502
15,13,3,503
0,13,4,262
0,13,4,263
15,13,4,502
15,13,4,503
0,13,5,262
0,13,5,263
15,13,5,502
15,13,5,503
0,13,6,262
0,13,6,263
15,13,6,502
15,13,6,503
0,13,7,262
0,13,7,263
15,13,7,502
15,13,7,503
0,13,8,262
0,13,8,263
15,13,8,502
15,13,8,503
0,13,9,262
0,13,9,263
15,13,9,502
15,13,9,503
0,13,10,262
0,13,10,263
15,13,10,502
15,13,10,503
0,13,11,262
0,13,11,263
15,13,11,502
15,13,11,503
0,13,12,262
0,13,12,263
15,13,12,502
15,13,12,503
0,13,13,262
0,13,13,263
15,13,13,502
15,13,13,503
0,13,14,262
0,13,14,263
15,13,14,502
15,13,14,503
0,13,15,583
0,13,15,584
1,13,15,504
1,13,15,505
2,13,15,504
2,13,15,505
3,13,15,504
3,13,15,505
4,13,15,504
4,13,15,505
5,13,15,504
5,13,15,505
6,13,15,504
6,13,15,505
7,13,15,504
7,13,15,505
8,13,15,504
8,13,15,505
9,13,15,504
9,13,15,505
10,13,15,504
10,13,15,505
11,13,15,504
11,13,15,505
12,13,15,504
12,13,15,505
13,13,15,504
13,13,15,505
14,13,15,504
14,13,15,505
15,13,15,582
15,13,15,584
0,14,0,583
0,14,0,585
1,14,0,494
1,14,0,495
2,14,0,494
2,14,0,495
3,14,0,494
3,14,0,495
4,14,0,494
4,14,0,495
5,14,0,494
5,14,0,495
6,14,0,494
6,14,0,495
7,14,0,494
7,14,0,495
8,14,0,494
8,14,0,495
9,14,0,494
9,14,0,495
10,14,0,494
10,14,0,495
11,14,0,494
11,14,0,495
12,14,0,494
12,14,0,495
13,14,0,494
13,14,0,495
14,14,0,494
14,14,0,495
15,14,0,582
15,14,0,585
0,14,1,262
0,14,1,263
15,14,1,502
15,14,1,503
0,14,2,262
0,14,2,263
15,14,2,502
15,14,2,503
0,14,3,262
0,14,3,263
15,14,3,502
15,14,3,503
0,14,4,262
0,14,4,263
15,14,4,502
15,14,4,503
0,14,5,262
0,14,5,263
15,14,5,502
15,14,5,503
0,14,6,262
0,14,6,263
15,14,6,502
15,14,6,503
0,14,7,262
0,14,7,263
15,14,7,502
15,14,7,503
0,14,8,262
0,14,8,263
15,14,8,502
15,14,8,503
0,14,9,262
0,14,9,263
15,14,9,502
15,14,9,503
0,14,10,262
0,14,10,263
15,14,10,502
15,14,10,503
0,14,11,262
0,14,11,263
15,14,11,502
15,14,11,503
0,14,12,262
0,14,12,263
15,14,12,502
15,14,12,503
0,14,13,262
0,14,13,263
15,14,13,502
15,14,13,503
0,14,14,262
0,14,14,263
15,14,14,502
15,14,14,503
0,14,15,583
0,14,15,584
1,14,15,504
1,14,15,505
2,14,15,504
2,14,15,505
3,14,15,504
3,14,15,505
4,14,15,504
4,14,15,505
5,14,15,504
5,14,15,505
6,14,15,504
6,14,15,505
7,14,15,504
7,14,15,505
8,14,15,504
8,14,15,505
9,14,15,504
9,14,15,505
10,14,15,504
10,14,15,505
11,14,15,504
11,14,15,505
12,14,15,504
12,14,15,505
13,14,15,504
13,14,15,505
14,14,15,504
14,14,15,505
15,14,15,582
15,14,15,584
0,15,0,580
0,15,0,583
0,15,0,585
1,15,0,490
1,15,0,494
1,15,0,495
2,15,0,490
2,15,0,494
2,15,0,495
3,15,0,490
3,15,0,494
3,15,0,495
4,15,0,490
4,15,0,494
4,15,0,495
5,15,0,490
5,15,0,494
5,15,0,495
6,15,0,490
6,15,0,494
6,15,0,495
7,15,0,490
7,15,0,494
7,15,0,495
8,15,0,490
8,15,0,494
8,15,0,495
9,15,0,490
9,15,0,494
9,15,0,495
10,15,0,490
10,15,0,494
10,15,0,495
11,15,0,490
11,15,0,494
11,15,0,495
12,15,0,490
12,15,0,494
12,15,0,495
13,15,0,490
13,15,0,494
13,15,0,495
14,15,0,490
14,15,0,494
14,15,0,495
15,15,0,580
15,15,0,582
15,15,0,585
0,15,1,260
0,15,1,262
0,15,1,263
15,15,1,500
15,15,1,502
15,15,1,503
0,15,2,260
0,15,2,262
0,15,2,263
15,15,2,500
15,15,2,502
15,15,2,503
0,15,3,260
0,15,3,262
0,15,3,263
15,15,3,500
15,15,3,502
15,15,3,503
0,15,4,260
0,15,4,262
0,15,4,263
15,15,4,500
15,15,4,502
15,15,4,503
0,15,5,260
0,15,5,262
0,15,5,263
15,15,5,500
15,15,5,502
15,15,5,503
0,15,6,260
0,15,6,262
0,15,6,263
15,15,6,500
15,15,6,502
15,15,6,503
0,15,7,260
0,15,7,262
0,15,7,263
15,15,7,500
15,15,7,502
15,15,7,503
0,15,8,260
0,15,8,262
0,15,8,263
15,15,8,500
15,15,8,502
15,15,8,503
0,15,9,260
0,15,9,262
0,15,9,263
15,15,9,500
15,15,9,502
15,15,9,503
0,15,10,260
0,15,10,262
0,15,10,263
15,15,10,500
15,15,10,502
15,15,10,503
0,15,11,260
0,15,11,262
0,15,11,263
15,15,11,500
15,15,11,502
15,15,11,503
0,15,12,260
0,15,12,262
0,15,12,263
15,15,12,500
15,15,12,502
15,15,12,503
0,15,13,260
0,15,13,262
0,15,13,263
15,15,13,500
15,15,13,502
15,15,13,503
0,15,14,260
0,15,14,262
0,15,14,263
15,15,14,500
15,15,14,502
15,15,14,503
0,15,15,580
0,15,15,583
0,15,15,584
1,15,15,500
1,15,15,504
1,15,15,505
2,15,15,500
2,15,15,504
2,15,15,505
3,15,15,500
3,15,15,504
3,15,15,505
4,15,15,500
4,15,15,504
4,15,15,505
5,15,15,500
5,15,15,504
5,15,15,505
6,15,15,500
6,15,15,504
6,15,15,505
7,15,15,500
7,15,15,504
7,15,15,505
8,15,15,500
8,15,15,504
8,15,15,505
9,15,15,500
9,15,15,504
9,15,15,505
10,15,15,500
10,15,15,504
10,15,15,505
11,15,15,500
11,15,15,504
11,15,15,505
12,15,15,500
12,15,15,504
12,15,15,505
13,15,15,500
13,15,15,504
13,15,15,505
14,15,15,500
14,15,15,504
14,15,15,505
15,15,15,580
15,15,15,582
15,15,15,584
